Product,Price,color,discount,rating
DELL MS 116 Wired Optical Mouse,249, Black,44,4.4
"Logitech B175 / Optical Tracking, 12-Months Battery Lif...",595, Black,40,4.5
ZEBRONICS USB Comfort + Wired Optical Mouse,119, Black,52,4.1
Croma XM5106 Wireless Optical Mouse,599, Black,40,4.1
ZEBRONICS Zeb-Power Wired Optical Mouse,129, Black,48,4.1
QUANTUM QHM224D Wired Optical Mouse,99, Black,80,4.1
ZEBRONICS Comfort Wired Optical Mouse,129, Black,35,4
"RAPOO Ralemo Air 1 Multi Mode (3 Device Connectivity, R...",2999, Pink,40,4
Intex USB ECO-8 Wired Optical Mouse,99, Black,60,4.3
HP 1000 Wired Optical Mouse,249, Black,37,4.2
Portronics Toad 13 Wireless Optical Mouse,329, Black,34,4.3
RAPOO N100 Wired Optical Mouse,249, Black,37,4.4
Logitech B100 Wired Optical Mouse,245, Black,28,4.3
Portronics Toad 21 Wired Optical Mouse,179, Black,55,4.5
HP 250 Wireless Optical Mouse,699, Black,30,4
RAPOO M100 / Silent Multi Mode (4 Device Connectivity) ...,849, Dark Grey,43,4.5
DELL WM118 Wireless Optical Mouse,599, Black,40,3.9
ZEBRONICS ZEB DASH PLUS Wireless Optical Mouse,296, Black,34,4.1
ZEBRONICS ALEX Wired Optical Mouse,189, Black,17,3.7
RAPOO M20 Wireless Optical Mouse,599, Black,40,4.4
Flipkart SmartBuy E703T Wireless Optical Mouse with Bl...,549,Blue,17,4.2
Portronics Toad 13 Wireless Optical Mouse,329, White,34,4.4
Flipkart SmartBuy E703T Wireless Optical Mouse with Bl...,549,Black,17,4.1
RAPOO 1620 Wireless Optical Mouse,549, Black,45,4.2
HP S1000 Silent Wireless Optical Mouse,529, Black,41,3.9
Terabyte TB-36B Wired Optical Mouse,185, Black,38,4.5
"Logitech M221 / Silent Buttons, 1000 DPI Optical Tracki...",729, Blue,43,4.6
"Logitech M330 / Silent Plus, 1000 DPI Optical Tracking,...",845, Black,38,4.5
"Logitech M221 / Silent Buttons, 1000 DPI Optical Tracki...",549, Black,57,4.5
"Logitech M220 / Silent Buttons, 1000 DPI Optical Tracki...",645, Grey,41,4.5
"Logitech M171 / Optical Tracking, Ambidextrous Wireless...",595, Blue,29,4.6
"Logitech M331 Silent Plus, 1000 DPI Optical Tracking Wi...",898, Black,42,4.4
"Logitech M90 / 1000 DPI Optical Tracking, Ambidextrous ...",395, Black,36,4.4
HP Z3700 Wireless Optical Mouse,949, Black,31,4.4
HP Z3700 Wireless Optical Mouse,949, Silver,22,4.7
"Logitech Pebble M350 Silent Buttons,Multi-Device Connec...",1545, Blue,15,4
Elista ELS WM503 1000 DPI USB Wired Optical Mouse,210, Red & Black,29,4.4
HP Z3700 Wireless Optical Mouse,849, Black,36,3.9
Terabyte TB-36B Wired Optical Mouse,189, Black,50,4.5
